Sequence,Character,Hex
"\eq",=,U+003D,1
"\eq",âˆ¼,U+223C,2
"\eq",âˆ½,U+223D,3
"\eq",â‰ˆ,U+2248,4
"\eq",â‰‹,U+224B,5
"\eq",âˆ»,U+223B,6
"\eq",âˆ¾,U+223E,7
"\eq",âˆ¿,U+223F,8
"\eq",â‰€,U+2240,9
"\eq",â‰ƒ,U+2243,10
"\eq",â‹,U+22CD,11
"\eq",â‰‚,U+2242,12
"\eq",â‰…,U+2245,13
"\eq",â‰Œ,U+224C,14
"\eq",â‰Š,U+224A,15
"\eq",â‰¡,U+2261,16
"\eq",â‰£,U+2263,17
"\eq",â‰,U+2250,18
"\eq",â‰‘,U+2251,19
"\eq",â‰’,U+2252,20
"\eq",â‰“,U+2253,21
"\eq",â‰”,U+2254,22
"\eq",â‰•,U+2255,23
"\eq",â‰–,U+2256,24
"\eq",â‰—,U+2257,25
"\eq",â‰˜,U+2258,26
"\eq",â‰™,U+2259,27
"\eq",â‰š,U+225A,28
"\eq",â‰›,U+225B,29
"\eq",â‰œ,U+225C,30
"\eq",â‰,U+225D,31
"\eq",â‰,U+225E,32
"\eq",â‰Ÿ,U+225F,33
"\eq",â‰,U+224D,34
"\eq",â‰,U+224E,35
"\eq",â‰,U+224F,36
"\eq",â‰¬,U+226C,37
"\eq",â‹•,U+22D5,38
"\eq",ï¼,U+FF1D,39
"\eqn",â‰ ,U+2260,1
"\eqn",â‰,U+2241,2
"\eqn",â‰‰,U+2249,3
"\eqn",â‰„,U+2244,4
"\eqn",â‰‡,U+2247,5
"\eqn",â‰†,U+2246,6
"\eqn",â‰¢,U+2262,7
"\eqn",â‰­,U+226D,8
"\=n",â‰ ,U+2260,1
"\~",âˆ¼,U+223C,1
"\~",ï½,U+FF5E,2
"\~n",â‰,U+2241,1
"\~~",â‰ˆ,U+2248,1
"\~~n",â‰‰,U+2249,1
"\~~~",â‰‹,U+224B,1
"\:~",âˆ»,U+223B,1
"\~-",â‰ƒ,U+2243,1
"\~-n",â‰„,U+2244,1
"\-~",â‰‚,U+2242,1
"\~=",â‰…,U+2245,1
"\~=n",â‰‡,U+2247,1
"\~~-",â‰Š,U+224A,1
"\==",â‰¡,U+2261,1
"\==n",â‰¢,U+2262,1
"\===",â‰£,U+2263,1
"\=",ï¼,U+FF1D,1
"\.=",â‰,U+2250,1
"\.=.",â‰‘,U+2251,1
"\:=",â‰”,U+2254,1
"\=:",â‰•,U+2255,1
"\=o",â‰—,U+2257,1
"\(=",â‰˜,U+2258,1
"\and=",â‰™,U+2259,1
"\or=",â‰š,U+225A,1
"\*=",â‰›,U+225B,1
"\t=",â‰œ,U+225C,1
"\def=",â‰,U+225D,1
"\m=",â‰,U+225E,1
"\?=",â‰Ÿ,U+225F,1
"\leq",<,U+003C,1
"\leq",â‰ª,U+226A,2
"\leq",â‹˜,U+22D8,3
"\leq",â‰¤,U+2264,4
"\leq",â‰¦,U+2266,5
"\leq",â‰²,U+2272,6
"\leq",â‰¶,U+2276,7
"\leq",â‰º,U+227A,8
"\leq",â‰¼,U+227C,9
"\leq",â‰¾,U+227E,10
"\leq",âŠ‚,U+2282,11
"\leq",âŠ†,U+2286,12
"\leq",â‹,U+22D0,13
"\leq",âŠ,U+228F,14
"\leq",âŠ‘,U+2291,15
"\leq",âŠ°,U+22B0,16
"\leq",âŠ²,U+22B2,17
"\leq",âŠ´,U+22B4,18
"\leq",â‹–,U+22D6,19
"\leq",â‹š,U+22DA,20
"\leq",â‹œ,U+22DC,21
"\leq",â‹,U+22DE,22
"\leq",ï¼œ,U+FF1C,23
"\leqn",â‰®,U+226E,1
"\leqn",â‰°,U+2270,2
"\leqn",â‰¨,U+2268,3
"\leqn",â‰´,U+2274,4
"\leqn",â‹¦,U+22E6,5
"\leqn",â‰¸,U+2278,6
"\leqn",âŠ€,U+2280,7
"\leqn",â‹¨,U+22E8,8
"\leqn",âŠ„,U+2284,9
"\leqn",âŠˆ,U+2288,10
"\leqn",âŠŠ,U+228A,11
"\leqn",â‹¢,U+22E2,12
"\leqn",â‹¤,U+22E4,13
"\leqn",â‹ª,U+22EA,14
"\leqn",â‹¬,U+22EC,15
"\leqn",â‹ ,U+22E0,16
"\geq",>,U+003E,1
"\geq",â‰«,U+226B,2
"\geq",â‹™,U+22D9,3
"\geq",â‰¥,U+2265,4
"\geq",â‰§,U+2267,5
"\geq",â‰³,U+2273,6
"\geq",â‰·,U+2277,7
"\geq",â‰»,U+227B,8
"\geq",â‰½,U+227D,9
"\geq",â‰¿,U+227F,10
"\geq",âŠƒ,U+2283,11
"\geq",âŠ‡,U+2287,12
"\geq",â‹‘,U+22D1,13
"\geq",âŠ,U+2290,14
"\geq",âŠ’,U+2292,15
"\geq",âŠ±,U+22B1,16
"\geq",âŠ³,U+22B3,17
"\geq",âŠµ,U+22B5,18
"\geq",â‹—,U+22D7,19
"\geq",â‹›,U+22DB,20
"\geq",â‹,U+22DD,21
"\geq",â‹Ÿ,U+22DF,22
"\geq",ï¼,U+FF1E,23
"\geqn",â‰¯,U+226F,1
"\geqn",â‰±,U+2271,2
"\geqn",â‰©,U+2269,3
"\geqn",â‰µ,U+2275,4
"\geqn",â‹§,U+22E7,5
"\geqn",â‰¹,U+2279,6
"\geqn",âŠ,U+2281,7
"\geqn",â‹©,U+22E9,8
"\geqn",âŠ…,U+2285,9
"\geqn",âŠ‰,U+2289,10
"\geqn",âŠ‹,U+228B,11
"\geqn",â‹£,U+22E3,12
"\geqn",â‹¥,U+22E5,13
"\geqn",â‹«,U+22EB,14
"\geqn",â‹­,U+22ED,15
"\geqn",â‹¡,U+22E1,16
"\<=",â‰¤,U+2264,1
"\>=",â‰¥,U+2265,1
"\<=n",â‰°,U+2270,1
"\>=n",â‰±,U+2271,1
"\len",â‰°,U+2270,1
"\gen",â‰±,U+2271,1
"\<n",â‰®,U+226E,1
"\>n",â‰¯,U+226F,1
"\<~",â‰²,U+2272,1
"\>~",â‰³,U+2273,1
"\<~n",â‹¦,U+22E6,1
"\>~n",â‹§,U+22E7,1
"\<~nn",â‰´,U+2274,1
"\>~nn",â‰µ,U+2275,1
"\sub",âŠ‚,U+2282,1
"\sup",âŠƒ,U+2283,1
"\subn",âŠ„,U+2284,1
"\supn",âŠ…,U+2285,1
"\sub=",âŠ†,U+2286,1
"\sup=",âŠ‡,U+2287,1
"\sub=n",âŠˆ,U+2288,1
"\sup=n",âŠ‰,U+2289,1
"\squb",âŠ,U+228F,1
"\squp",âŠ,U+2290,1
"\squb=",âŠ‘,U+2291,1
"\squp=",âŠ’,U+2292,1
"\squb=n",â‹¢,U+22E2,1
"\squp=n",â‹£,U+22E3,1
"\member",âˆˆ,U+2208,1
"\member",âˆ‰,U+2209,2
"\member",âˆŠ,U+220A,3
"\member",âˆ‹,U+220B,4
"\member",âˆŒ,U+220C,5
"\member",âˆ,U+220D,6
"\member",â‹²,U+22F2,7
"\member",â‹³,U+22F3,8
"\member",â‹´,U+22F4,9
"\member",â‹µ,U+22F5,10
"\member",â‹¶,U+22F6,11
"\member",â‹·,U+22F7,12
"\member",â‹¸,U+22F8,13
"\member",â‹¹,U+22F9,14
"\member",â‹º,U+22FA,15
"\member",â‹»,U+22FB,16
"\member",â‹¼,U+22FC,17
"\member",â‹½,U+22FD,18
"\member",â‹¾,U+22FE,19
"\member",â‹¿,U+22FF,20
"\inn",âˆ‰,U+2209,1
"\nin",âˆŒ,U+220C,1
"\intersection",âˆ©,U+2229,1
"\intersection",â‹‚,U+22C2,2
"\intersection",âˆ§,U+2227,3
"\intersection",â‹€,U+22C0,4
"\intersection",â‹,U+22CF,5
"\intersection",â¨‡,U+2A07,6
"\intersection",âŠ“,U+2293,7
"\intersection",â¨…,U+2A05,8
"\intersection",â‹’,U+22D2,9
"\intersection",âˆ,U+220F,10
"\intersection",âŠ¼,U+22BC,11
"\intersection",â¨‰,U+2A09,12
"\union",âˆª,U+222A,1
"\union",â‹ƒ,U+22C3,2
"\union",âˆ¨,U+2228,3
"\union",â‹,U+22C1,4
"\union",â‹,U+22CE,5
"\union",â¨ˆ,U+2A08,6
"\union",âŠ”,U+2294,7
"\union",â¨†,U+2A06,8
"\union",â‹“,U+22D3,9
"\union",âˆ,U+2210,10
"\union",â¨¿,U+2A3F,11
"\union",âŠ½,U+22BD,12
"\union",âŠ»,U+22BB,13
"\union",âŠ,U+228D,14
"\union",â¨ƒ,U+2A03,15
"\union",âŠ,U+228E,16
"\union",â¨„,U+2A04,17
"\union",âŠŒ,U+228C,18
"\union",âˆ‘,U+2211,19
"\union",â…€,U+2140,20
"\and",âˆ§,U+2227,1
"\or",âˆ¨,U+2228,1
"\And",â‹€,U+22C0,1
"\Or",â‹,U+22C1,1
"\i",âˆ©,U+2229,1
"\un",âˆª,U+222A,1
"\u+",âŠ,U+228E,1
"\u.",âŠ,U+228D,1
"\I",â‹‚,U+22C2,1
"\Un",â‹ƒ,U+22C3,1
"\U+",â¨„,U+2A04,1
"\U.",â¨ƒ,U+2A03,1
"\glb",âŠ“,U+2293,1
"\lub",âŠ”,U+2294,1
"\Glb",â¨…,U+2A05,1
"\Lub",â¨†,U+2A06,1
"\entails",âŠ¢,U+22A2,1
"\entails",âŠ£,U+22A3,2
"\entails",âŠ¤,U+22A4,3
"\entails",âŠ¥,U+22A5,4
"\entails",âŠ¦,U+22A6,5
"\entails",âŠ§,U+22A7,6
"\entails",âŠ¨,U+22A8,7
"\entails",âŠ©,U+22A9,8
"\entails",âŠª,U+22AA,9
"\entails",âŠ«,U+22AB,10
"\entails",âŠ¬,U+22AC,11
"\entails",âŠ­,U+22AD,12
"\entails",âŠ®,U+22AE,13
"\entails",âŠ¯,U+22AF,14
"\|-",âŠ¢,U+22A2,1
"\|-n",âŠ¬,U+22AC,1
"\-|",âŠ£,U+22A3,1
"\|=",âŠ¨,U+22A8,1
"\|=n",âŠ­,U+22AD,1
"\||-",âŠ©,U+22A9,1
"\||-n",âŠ®,U+22AE,1
"\||=",âŠ«,U+22AB,1
"\||=n",âŠ¯,U+22AF,1
"\|||-",âŠª,U+22AA,1
"\|",âˆ£,U+2223,1
"\|n",âˆ¤,U+2224,1
"\||",âˆ¥,U+2225,1
"\||n",âˆ¦,U+2226,1
"\all",âˆ€,U+2200,1
"\ex",âˆƒ,U+2203,1
"\exn",âˆ„,U+2204,1
"\0",âˆ…,U+2205,1
"\C",âˆ,U+2201,1
"\uin",âŸ’,U+27D2,1
"\din",â«™,U+2AD9,1
"\c",âŒœ,U+231C,1
"\c",âŒ,U+231D,2
"\c",âŒ,U+231E,3
"\c",âŒŸ,U+231F,4
"\c",âŒˆ,U+2308,5
"\c",âŒ‰,U+2309,6
"\c",âŒŠ,U+230A,7
"\c",âŒ‹,U+230B,8
"\cu",âŒœ,U+231C,1
"\cu",âŒ,U+231D,2
"\cu",âŒˆ,U+2308,3
"\cu",âŒ‰,U+2309,4
"\cl",âŒ,U+231E,1
"\cl",âŒŸ,U+231F,2
"\cl",âŒŠ,U+230A,3
"\cl",âŒ‹,U+230B,4
"\cul",âŒœ,U+231C,1
"\cuL",âŒˆ,U+2308,1
"\cur",âŒ,U+231D,1
"\cuR",âŒ‰,U+2309,1
"\cll",âŒ,U+231E,1
"\clL",âŒŠ,U+230A,1
"\clr",âŒŸ,U+231F,1
"\clR",âŒ‹,U+230B,1
"\qed",âˆ,U+220E,1
"\x",Ã—,U+00D7,1
"\o",âˆ˜,U+2218,1
"\comp",âˆ˜,U+2218,1
"\.",âˆ™,U+2219,1
"\.",ï¼,U+FF0E,2
"\*",â‹†,U+22C6,1
"\.+",âˆ”,U+2214,1
"\.-",âˆ¸,U+2238,1
"\:",âˆ¶,U+2236,1
"\:",â¦‚,U+2982,2
"\:",Ë,U+02D0,3
"\:",ê‰,U+A789,4
"\:",Ë¸,U+02F8,5
"\:",á¥,U+1365,6
"\:",á¦,U+1366,7
"\:",ï¼š,U+FF1A,8
"\:",ï¹•,U+FE55,9
"\:",ï¸“,U+FE13,10
"\,",Ê»,U+02BB,1
"\,",ØŒ,U+060C,2
"\,",â¸²,U+2E32,3
"\,",â¸´,U+2E34,4
"\,",â¹,U+2E41,5
"\,",â¹‰,U+2E49,6
"\,",ã€,U+3001,7
"\,",ï¸,U+FE10,8
"\,",ï¸‘,U+FE11,9
"\,",ï¹,U+FE50,10
"\,",ï¹‘,U+FE51,11
"\,",ï¼Œ,U+FF0C,12
"\,",ï½¤,U+FF64,13
"\;",â¨¾,U+2A3E,1
"\;",â¨Ÿ,U+2A1F,2
"\;",â,U+204F,3
"\;",á¤,U+1364,4
"\;",ê›¶,U+A6F6,5
"\;",ï¼›,U+FF1B,6
"\;",ï¸”,U+FE14,7
"\;",ï¹”,U+FE54,8
"\;",â®,U+236E,9
"\;",â¸µ,U+2E35,10
"\;",Í¾,U+037E,11
"\::",âˆ·,U+2237,1
"\::-",âˆº,U+223A,1
"\-:",âˆ¹,U+2239,1
"\+ ",âŠ¹,U+22B9,1
"\+",ï¼‹,U+FF0B,1
"\sqrt",âˆš,U+221A,1
"\surd",âˆš,U+221A,1
"\surd3",âˆ›,U+221B,1
"\surd4",âˆœ,U+221C,1
"\increment",âˆ†,U+2206,1
"\inf",âˆ,U+221E,1
"\&",â…‹,U+214B,1
"\&",ï¹ ,U+FE60,2
"\&",ï¼†,U+FF06,3
"\z;",â¨Ÿ,U+2A1F,1
"\z;",â¨¾,U+2A3E,2
"\z:",â¦‚,U+2982,1
"\at",@,U+0040,1
"\at",ï¹«,U+FE6B,2
"\at",ï¼ ,U+FF20,3
"\o+",âŠ•,U+2295,1
"\o--",âŠ–,U+2296,1
"\ox",âŠ—,U+2297,1
"\o/",âŠ˜,U+2298,1
"\o.",âŠ™,U+2299,1
"\oo",âŠš,U+229A,1
"\o*",âŠ›,U+229B,1
"\o=",âŠœ,U+229C,1
"\o-",âŠ,U+229D,1
"\O+",â¨,U+2A01,1
"\Ox",â¨‚,U+2A02,1
"\O.",â¨€,U+2A00,1
"\O*",âŸ,U+235F,1
"\b+",âŠ,U+229E,1
"\b-",âŠŸ,U+229F,1
"\bx",âŠ ,U+22A0,1
"\b.",âŠ¡,U+22A1,1
"\b/",â§„,U+29C4,1
"\b\\",â§…,U+29C5,1
"\b*",â§†,U+29C6,1
"\bo",â§‡,U+29C7,1
"\bsq",â§ˆ,U+29C8,1
"\box=",âŒ¸,U+2338,1
"\box?",â°,U+2370,1
"\box'",â,U+235E,1
"\box:",â ,U+2360,1
"\box/",â,U+2341,1
"\box\\",â‚,U+2342,1
"\box<",âƒ,U+2343,1
"\box>",â„,U+2344,1
"\boxo",âŒ»,U+233B,1
"\boxO",âŒ¼,U+233C,1
"\boxcomp",âŒ»,U+233B,1
"\boxcircle",âŒ¼,U+233C,1
"\boxeq",âŒ¸,U+2338,1
"\boxneq",â¯,U+236F,1
"\boxeqn",â¯,U+236F,1
"\boxl",â‡,U+2347,1
"\boxr",âˆ,U+2348,1
"\boxu",â,U+2350,1
"\boxd",â—,U+2357,1
"\boxdi",âŒº,U+233A,1
"\boxdiv",âŒ¹,U+2339,1
"\boxwedge",â“,U+2353,1
"\boxvee",âŒ,U+234C,1
"\boxdelta",â,U+234D,1
"\boxnabla",â”,U+2354,1
"\integral",âˆ«,U+222B,1
"\integral",âˆ¬,U+222C,2
"\integral",âˆ­,U+222D,3
"\integral",âˆ®,U+222E,4
"\integral",âˆ¯,U+222F,5
"\integral",âˆ°,U+2230,6
"\integral",âˆ±,U+2231,7
"\integral",âˆ²,U+2232,8
"\integral",âˆ³,U+2233,9
"\angle",âˆŸ,U+221F,1
"\angle",âˆ¡,U+2221,2
"\angle",âˆ¢,U+2222,3
"\angle",âŠ¾,U+22BE,4
"\angle",âŠ¿,U+22BF,5
"\join",â‹ˆ,U+22C8,1
"\join",â‹‰,U+22C9,2
"\join",â‹Š,U+22CA,3
"\join",â‹‹,U+22CB,4
"\join",â‹Œ,U+22CC,5
"\join",â¨,U+2A1D,6
"\join",âŸ•,U+27D5,7
"\join",âŸ–,U+27D6,8
"\join",âŸ—,U+27D7,9
"\esh",Êƒ,U+0283,1
"\l",â†,U+2190,1
"\l",â‡,U+21D0,2
"\l",â‡š,U+21DA,3
"\l",â­…,U+2B45,4
"\l",â‡‡,U+21C7,5
"\l",â‡†,U+21C6,6
"\l",â†¤,U+21A4,7
"\l",â‡¦,U+21E6,8
"\l",â†,U+219E,9
"\l",â†¼,U+21BC,10
"\l",â†½,U+21BD,11
"\l",â‡ ,U+21E0,12
"\l",â‡º,U+21FA,13
"\l",â†œ,U+219C,14
"\l",â‡½,U+21FD,15
"\l",âŸµ,U+27F5,16
"\l",âŸ¸,U+27F8,17
"\l",â†š,U+219A,18
"\l",â‡,U+21CD,19
"\l",â‡·,U+21F7,20
"\l",â†¹,U+21B9,21
"\l",â†¢,U+21A2,22
"\l",â†©,U+21A9,23
"\l",â†«,U+21AB,24
"\l",â‡‹,U+21CB,25
"\l",â‡œ,U+21DC,26
"\l",â‡¤,U+21E4,27
"\l",âŸ»,U+27FB,28
"\l",âŸ½,U+27FD,29
"\l",â¤†,U+2906,30
"\l",â†¶,U+21B6,31
"\l",â†º,U+21BA,32
"\l",âŸ²,U+27F2,33
"\r",â†’,U+2192,1
"\r",â‡’,U+21D2,2
"\r",â‡›,U+21DB,3
"\r",â­†,U+2B46,4
"\r",â‡‰,U+21C9,5
"\r",â‡„,U+21C4,6
"\r",â†¦,U+21A6,7
"\r",â‡¨,U+21E8,8
"\r",â† ,U+21A0,9
"\r",â‡€,U+21C0,10
"\r",â‡,U+21C1,11
"\r",â‡¢,U+21E2,12
"\r",â‡»,U+21FB,13
"\r",â†,U+219D,14
"\r",â‡¾,U+21FE,15
"\r",âŸ¶,U+27F6,16
"\r",âŸ¹,U+27F9,17
"\r",â†›,U+219B,18
"\r",â‡,U+21CF,19
"\r",â‡¸,U+21F8,20
"\r",â‡¶,U+21F6,21
"\r",â†´,U+21B4,22
"\r",â†£,U+21A3,23
"\r",â†ª,U+21AA,24
"\r",â†¬,U+21AC,25
"\r",â‡Œ,U+21CC,26
"\r",â‡,U+21DD,27
"\r",â‡¥,U+21E5,28
"\r",âŸ¼,U+27FC,29
"\r",âŸ¾,U+27FE,30
"\r",â¤‡,U+2907,31
"\r",â†·,U+21B7,32
"\r",â†»,U+21BB,33
"\r",âŸ³,U+27F3,34
"\r",â‡°,U+21F0,35
"\r",â‡´,U+21F4,36
"\r",âŸ´,U+27F4,37
"\r",âŸ¿,U+27FF,38
"\r",âµ,U+27B5,39
"\r",â¸,U+27B8,40
"\r",â™,U+2799,41
"\r",â”,U+2794,42
"\r",â›,U+279B,43
"\r",âœ,U+279C,44
"\r",â,U+279D,45
"\r",â,U+279E,46
"\r",âŸ,U+279F,47
"\r",â ,U+27A0,48
"\r",â¡,U+27A1,49
"\r",â¢,U+27A2,50
"\r",â£,U+27A3,51
"\r",â¤,U+27A4,52
"\r",â§,U+27A7,53
"\r",â¨,U+27A8,54
"\r",â©,U+27A9,55
"\r",âª,U+27AA,56
"\r",â«,U+27AB,57
"\r",â¬,U+27AC,58
"\r",â­,U+27AD,59
"\r",â®,U+27AE,60
"\r",â¯,U+27AF,61
"\r",â±,U+27B1,62
"\r",â²,U+27B2,63
"\r",â³,U+27B3,64
"\r",âº,U+27BA,65
"\r",â»,U+27BB,66
"\r",â¼,U+27BC,67
"\r",â½,U+27BD,68
"\r",â¾,U+27BE,69
"\r",âŠ¸,U+22B8,70
"\u",â†‘,U+2191,1
"\u",â‡‘,U+21D1,2
"\u",â¤Š,U+290A,3
"\u",âŸ°,U+27F0,4
"\u",â‡ˆ,U+21C8,5
"\u",â‡…,U+21C5,6
"\u",â†¥,U+21A5,7
"\u",â‡§,U+21E7,8
"\u",â†Ÿ,U+219F,9
"\u",â†¿,U+21BF,10
"\u",â†¾,U+21BE,11
"\u",â‡¡,U+21E1,12
"\u",â‡,U+21DE,13
"\u",â†°,U+21B0,14
"\u",â†±,U+21B1,15
"\u",â¦,U+27A6,16
"\u",â‡ª,U+21EA,17
"\u",â‡«,U+21EB,18
"\u",â‡¬,U+21EC,19
"\u",â‡­,U+21ED,20
"\u",â‡®,U+21EE,21
"\u",â‡¯,U+21EF,22
"\d",â†“,U+2193,1
"\d",â‡“,U+21D3,2
"\d",â¤‹,U+290B,3
"\d",âŸ±,U+27F1,4
"\d",â‡Š,U+21CA,5
"\d",â‡µ,U+21F5,6
"\d",â†§,U+21A7,7
"\d",â‡©,U+21E9,8
"\d",â†¡,U+21A1,9
"\d",â‡ƒ,U+21C3,10
"\d",â‡‚,U+21C2,11
"\d",â‡£,U+21E3,12
"\d",â‡Ÿ,U+21DF,13
"\d",â†µ,U+21B5,14
"\d",â†²,U+21B2,15
"\d",â†³,U+21B3,16
"\d",â¥,U+27A5,17
"\d",â†¯,U+21AF,18
"\ud",â†•,U+2195,1
"\ud",â‡•,U+21D5,2
"\ud",â†¨,U+21A8,3
"\ud",â‡³,U+21F3,4
"\lr",â†”,U+2194,1
"\lr",â‡”,U+21D4,2
"\lr",â‡¼,U+21FC,3
"\lr",â†­,U+21AD,4
"\lr",â‡¿,U+21FF,5
"\lr",âŸ·,U+27F7,6
"\lr",âŸº,U+27FA,7
"\lr",â†®,U+21AE,8
"\lr",â‡,U+21CE,9
"\lr",â‡¹,U+21F9,10
"\ul",â†–,U+2196,1
"\ul",â‡–,U+21D6,2
"\ul",â‡±,U+21F1,3
"\ul",â†¸,U+21B8,4
"\ur",â†—,U+2197,1
"\ur",â‡—,U+21D7,2
"\ur",â¶,U+27B6,3
"\ur",â¹,U+27B9,4
"\ur",âš,U+279A,5
"\dr",â†˜,U+2198,1
"\dr",â‡˜,U+21D8,2
"\dr",â‡²,U+21F2,3
"\dr",â´,U+27B4,4
"\dr",â·,U+27B7,5
"\dr",â˜,U+2798,6
"\dl",â†™,U+2199,1
"\dl",â‡™,U+21D9,2
"\l-",â†,U+2190,1
"\<-",â†,U+2190,1
"\l=",â‡,U+21D0,1
"\<=",â‡,U+21D0,1
"\r-",â†’,U+2192,1
"\->",â†’,U+2192,1
"\r=",â‡’,U+21D2,1
"\=>",â‡’,U+21D2,1
"\u-",â†‘,U+2191,1
"\u=",â‡‘,U+21D1,1
"\d-",â†“,U+2193,1
"\d=",â‡“,U+21D3,1
"\ud-",â†•,U+2195,1
"\ud=",â‡•,U+21D5,1
"\lr-",â†”,U+2194,1
"\<->",â†”,U+2194,1
"\lr=",â‡”,U+21D4,1
"\<=>",â‡”,U+21D4,1
"\ul-",â†–,U+2196,1
"\ul=",â‡–,U+21D6,1
"\ur-",â†—,U+2197,1
"\ur=",â‡—,U+21D7,1
"\dr-",â†˜,U+2198,1
"\dr=",â‡˜,U+21D8,1
"\dl-",â†™,U+2199,1
"\dl=",â‡™,U+21D9,1
"\l==",â‡š,U+21DA,1
"\l-2",â‡‡,U+21C7,1
"\l-r-",â‡†,U+21C6,1
"\r==",â‡›,U+21DB,1
"\r-2",â‡‰,U+21C9,1
"\r-3",â‡¶,U+21F6,1
"\r-l-",â‡„,U+21C4,1
"\u==",âŸ°,U+27F0,1
"\u-2",â‡ˆ,U+21C8,1
"\u-d-",â‡…,U+21C5,1
"\d==",âŸ±,U+27F1,1
"\d-2",â‡Š,U+21CA,1
"\d-u-",â‡µ,U+21F5,1
"\l--",âŸµ,U+27F5,1
"\<--",âŸµ,U+27F5,1
"\l~",â†œ,U+219C,1
"\l~",â‡œ,U+21DC,2
"\r--",âŸ¶,U+27F6,1
"\-->",âŸ¶,U+27F6,1
"\r~",â†,U+219D,1
"\r~",â‡,U+21DD,2
"\r~",âŸ¿,U+27FF,3
"\lr--",âŸ·,U+27F7,1
"\<-->",âŸ·,U+27F7,1
"\lr~",â†­,U+21AD,1
"\l-n",â†š,U+219A,1
"\<-n",â†š,U+219A,1
"\l=n",â‡,U+21CD,1
"\r-n",â†›,U+219B,1
"\->n",â†›,U+219B,1
"\r=n",â‡,U+21CF,1
"\=>n",â‡,U+21CF,1
"\lr-n",â†®,U+21AE,1
"\<->n",â†®,U+21AE,1
"\lr=n",â‡,U+21CE,1
"\<=>n",â‡,U+21CE,1
"\l-|",â†¤,U+21A4,1
"\ll-",â†,U+219E,1
"\r-|",â†¦,U+21A6,1
"\rr-",â† ,U+21A0,1
"\u-|",â†¥,U+21A5,1
"\uu-",â†Ÿ,U+219F,1
"\d-|",â†§,U+21A7,1
"\dd-",â†¡,U+21A1,1
"\ud-|",â†¨,U+21A8,1
"\l->",â†¢,U+21A2,1
"\r->",â†£,U+21A3,1
"\r-o",âŠ¸,U+22B8,1
"\-o",âŠ¸,U+22B8,1
"\dz",â†¯,U+21AF,1
"\...",â‹¯,U+22EF,1
"\...",â‹®,U+22EE,2
"\...",â‹°,U+22F0,3
"\...",â‹±,U+22F1,4
"\---",â”€,U+2500,1
"\---",â”‚,U+2502,2
"\---",â”Œ,U+250C,3
"\---",â”,U+2510,4
"\---",â””,U+2514,5
"\---",â”˜,U+2518,6
"\---",â”œ,U+251C,7
"\---",â”¤,U+2524,8
"\---",â”¬,U+252C,9
"\---",â”¼,U+253C,10
"\---",â”´,U+2534,11
"\---",â•´,U+2574,12
"\---",â•µ,U+2575,13
"\---",â•¶,U+2576,14
"\---",â•·,U+2577,15
"\---",â•­,U+256D,16
"\---",â•®,U+256E,17
"\---",â•¯,U+256F,18
"\---",â•°,U+2570,19
"\---",â•±,U+2571,20
"\---",â•²,U+2572,21
"\---",â•³,U+2573,22
"\--=",â•,U+2550,1
"\--=",â•‘,U+2551,2
"\--=",â•”,U+2554,3
"\--=",â•—,U+2557,4
"\--=",â•š,U+255A,5
"\--=",â•,U+255D,6
"\--=",â• ,U+2560,7
"\--=",â•£,U+2563,8
"\--=",â•¦,U+2566,9
"\--=",â•¬,U+256C,10
"\--=",â•©,U+2569,11
"\--=",â•’,U+2552,12
"\--=",â••,U+2555,13
"\--=",â•˜,U+2558,14
"\--=",â•›,U+255B,15
"\--=",â•,U+255E,16
"\--=",â•¡,U+2561,17
"\--=",â•¤,U+2564,18
"\--=",â•ª,U+256A,19
"\--=",â•§,U+2567,20
"\--=",â•“,U+2553,21
"\--=",â•–,U+2556,22
"\--=",â•™,U+2559,23
"\--=",â•œ,U+255C,24
"\--=",â•Ÿ,U+255F,25
"\--=",â•¢,U+2562,26
"\--=",â•¥,U+2565,27
"\--=",â•«,U+256B,28
"\--=",â•¨,U+2568,29
"\--_",â”,U+2501,1
"\--_",â”ƒ,U+2503,2
"\--_",â”,U+250F,3
"\--_",â”“,U+2513,4
"\--_",â”—,U+2517,5
"\--_",â”›,U+251B,6
"\--_",â”£,U+2523,7
"\--_",â”«,U+252B,8
"\--_",â”³,U+2533,9
"\--_",â•‹,U+254B,10
"\--_",â”»,U+253B,11
"\--_",â•¸,U+2578,12
"\--_",â•¹,U+2579,13
"\--_",â•º,U+257A,14
"\--_",â•»,U+257B,15
"\--_",â”,U+250D,16
"\--_",â”¯,U+252F,17
"\--_",â”‘,U+2511,18
"\--_",â”•,U+2515,19
"\--_",â”·,U+2537,20
"\--_",â”™,U+2519,21
"\--_",â”,U+251D,22
"\--_",â”¿,U+253F,23
"\--_",â”¥,U+2525,24
"\--_",â”,U+250E,25
"\--_",â”°,U+2530,26
"\--_",â”’,U+2512,27
"\--_",â”–,U+2516,28
"\--_",â”¸,U+2538,29
"\--_",â”š,U+251A,30
"\--_",â” ,U+2520,31
"\--_",â•‚,U+2542,32
"\--_",â”¨,U+2528,33
"\--_",â”,U+251E,34
"\--_",â•€,U+2540,35
"\--_",â”¦,U+2526,36
"\--_",â”Ÿ,U+251F,37
"\--_",â•,U+2541,38
"\--_",â”§,U+2527,39
"\--_",â”¢,U+2522,40
"\--_",â•ˆ,U+2548,41
"\--_",â”ª,U+252A,42
"\--_",â”¡,U+2521,43
"\--_",â•‡,U+2547,44
"\--_",â”©,U+2529,45
"\--_",â”®,U+252E,46
"\--_",â”­,U+252D,47
"\--_",â”¶,U+2536,48
"\--_",â”µ,U+2535,49
"\--_",â”¾,U+253E,50
"\--_",â”½,U+253D,51
"\--_",â”²,U+2532,52
"\--_",â”±,U+2531,53
"\--_",â”º,U+253A,54
"\--_",â”¹,U+2539,55
"\--_",â•Š,U+254A,56
"\--_",â•‰,U+2549,57
"\--_",â•†,U+2546,58
"\--_",â•…,U+2545,59
"\--_",â•„,U+2544,60
"\--_",â•ƒ,U+2543,61
"\--_",â•¿,U+257F,62
"\--_",â•½,U+257D,63
"\--_",â•¼,U+257C,64
"\--_",â•¾,U+257E,65
"\--.",â•Œ,U+254C,1
"\--.",â•,U+254E,2
"\--.",â”„,U+2504,3
"\--.",â”†,U+2506,4
"\--.",â”ˆ,U+2508,5
"\--.",â”Š,U+250A,6
"\--.",â•,U+254D,7
"\--.",â•,U+254F,8
"\--.",â”…,U+2505,9
"\--.",â”‡,U+2507,10
"\--.",â”‰,U+2509,11
"\--.",â”‹,U+250B,12
"\t",â—‚,U+25C2,1
"\t",â—ƒ,U+25C3,2
"\t",â—„,U+25C4,3
"\t",â—…,U+25C5,4
"\t",â–¸,U+25B8,5
"\t",â–¹,U+25B9,6
"\t",â–º,U+25BA,7
"\t",â–»,U+25BB,8
"\t",â–´,U+25B4,9
"\t",â–µ,U+25B5,10
"\t",â–¾,U+25BE,11
"\t",â–¿,U+25BF,12
"\t",â—¢,U+25E2,13
"\t",â—¿,U+25FF,14
"\t",â—£,U+25E3,15
"\t",â—º,U+25FA,16
"\t",â—¤,U+25E4,17
"\t",â—¸,U+25F8,18
"\t",â—¥,U+25E5,19
"\t",â—¹,U+25F9,20
"\T",â—€,U+25C0,1
"\T",â—,U+25C1,2
"\T",â–¶,U+25B6,3
"\T",â–·,U+25B7,4
"\T",â–²,U+25B2,5
"\T",â–³,U+25B3,6
"\T",â–¼,U+25BC,7
"\T",â–½,U+25BD,8
"\T",â—¬,U+25EC,9
"\T",â—­,U+25ED,10
"\T",â—®,U+25EE,11
"\tb",â—‚,U+25C2,1
"\tb",â–¸,U+25B8,2
"\tb",â–´,U+25B4,3
"\tb",â–¾,U+25BE,4
"\tb",â—„,U+25C4,5
"\tb",â–º,U+25BA,6
"\tb",â—¢,U+25E2,7
"\tb",â—£,U+25E3,8
"\tb",â—¤,U+25E4,9
"\tb",â—¥,U+25E5,10
"\tw",â—ƒ,U+25C3,1
"\tw",â–¹,U+25B9,2
"\tw",â–µ,U+25B5,3
"\tw",â–¿,U+25BF,4
"\tw",â—…,U+25C5,5
"\tw",â–»,U+25BB,6
"\tw",â—¿,U+25FF,7
"\tw",â—º,U+25FA,8
"\tw",â—¸,U+25F8,9
"\tw",â—¹,U+25F9,10
"\Tb",â—€,U+25C0,1
"\Tb",â–¶,U+25B6,2
"\Tb",â–²,U+25B2,3
"\Tb",â–¼,U+25BC,4
"\Tw",â—,U+25C1,1
"\Tw",â–·,U+25B7,2
"\Tw",â–³,U+25B3,3
"\Tw",â–½,U+25BD,4
"\sq",â– ,U+25A0,1
"\sq",â–¡,U+25A1,2
"\sq",â—¼,U+25FC,3
"\sq",â—»,U+25FB,4
"\sq",â—¾,U+25FE,5
"\sq",â—½,U+25FD,6
"\sq",â–£,U+25A3,7
"\sq",â–¢,U+25A2,8
"\sq",â–¤,U+25A4,9
"\sq",â–¥,U+25A5,10
"\sq",â–¦,U+25A6,11
"\sq",â–§,U+25A7,12
"\sq",â–¨,U+25A8,13
"\sq",â–©,U+25A9,14
"\sq",â—§,U+25E7,15
"\sq",â—¨,U+25E8,16
"\sq",â—©,U+25E9,17
"\sq",â—ª,U+25EA,18
"\sq",â—«,U+25EB,19
"\sq",â—°,U+25F0,20
"\sq",â—±,U+25F1,21
"\sq",â—²,U+25F2,22
"\sq",â—³,U+25F3,23
"\sqb",â– ,U+25A0,1
"\sqb",â—¼,U+25FC,2
"\sqb",â—¾,U+25FE,3
"\sqw",â–¡,U+25A1,1
"\sqw",â—»,U+25FB,2
"\sqw",â—½,U+25FD,3
"\sq.",â–£,U+25A3,1
"\sqo",â–¢,U+25A2,1
"\re",â–¬,U+25AC,1
"\re",â–­,U+25AD,2
"\re",â–®,U+25AE,3
"\re",â–¯,U+25AF,4
"\reb",â–¬,U+25AC,1
"\reb",â–®,U+25AE,2
"\rew",â–­,U+25AD,1
"\rew",â–¯,U+25AF,2
"\pa",â–°,U+25B0,1
"\pa",â–±,U+25B1,2
"\pab",â–°,U+25B0,1
"\paw",â–±,U+25B1,1
"\di",â—†,U+25C6,1
"\di",â—‡,U+25C7,2
"\di",â—ˆ,U+25C8,3
"\dib",â—†,U+25C6,1
"\diw",â—‡,U+25C7,1
"\di.",â—ˆ,U+25C8,1
"\ci",â—,U+25CF,1
"\ci",â—‹,U+25CB,2
"\ci",â—,U+25CE,3
"\ci",â—Œ,U+25CC,4
"\ci",â—¯,U+25EF,5
"\ci",â—,U+25CD,6
"\ci",â—,U+25D0,7
"\ci",â—‘,U+25D1,8
"\ci",â—’,U+25D2,9
"\ci",â—“,U+25D3,10
"\ci",â—”,U+25D4,11
"\ci",â—•,U+25D5,12
"\ci",â—–,U+25D6,13
"\ci",â——,U+25D7,14
"\ci",â— ,U+25E0,15
"\ci",â—¡,U+25E1,16
"\ci",â—´,U+25F4,17
"\ci",â—µ,U+25F5,18
"\ci",â—¶,U+25F6,19
"\ci",â—·,U+25F7,20
"\ci",âš†,U+2686,21
"\ci",âš‡,U+2687,22
"\ci",âšˆ,U+2688,23
"\ci",âš‰,U+2689,24
"\cib",â—,U+25CF,1
"\ciw",â—‹,U+25CB,1
"\ci.",â—,U+25CE,1
"\ci..",â—Œ,U+25CC,1
"\ciO",â—¯,U+25EF,1
"\st",â‹†,U+22C6,1
"\st",âœ¦,U+2726,2
"\st",âœ§,U+2727,3
"\st",âœ¶,U+2736,4
"\st",âœ´,U+2734,5
"\st",âœ¹,U+2739,6
"\st",â˜…,U+2605,7
"\st",â˜†,U+2606,8
"\st",âœª,U+272A,9
"\st",âœ«,U+272B,10
"\st",âœ¯,U+272F,11
"\st",âœ°,U+2730,12
"\st",âœµ,U+2735,13
"\st",âœ·,U+2737,14
"\st",âœ¸,U+2738,15
"\st4",âœ¦,U+2726,1
"\st4",âœ§,U+2727,2
"\st6",âœ¶,U+2736,1
"\st8",âœ´,U+2734,1
"\st12",âœ¹,U+2739,1
"\bA",ğ”¸,U+1D538,1
"\bB",ğ”¹,U+1D539,1
"\bC",â„‚,U+2102,1
"\bD",ğ”»,U+1D53B,1
"\bE",ğ”¼,U+1D53C,1
"\bF",ğ”½,U+1D53D,1
"\bG",ğ”¾,U+1D53E,1
"\bH",â„,U+210D,1
"\bI",ğ•€,U+1D540,1
"\bJ",ğ•,U+1D541,1
"\bK",ğ•‚,U+1D542,1
"\bL",ğ•ƒ,U+1D543,1
"\bM",ğ•„,U+1D544,1
"\bN",â„•,U+2115,1
"\bO",ğ•†,U+1D546,1
"\bP",â„™,U+2119,1
"\bQ",â„š,U+211A,1
"\bR",â„,U+211D,1
"\bS",ğ•Š,U+1D54A,1
"\bT",ğ•‹,U+1D54B,1
"\bU",ğ•Œ,U+1D54C,1
"\bV",ğ•,U+1D54D,1
"\bW",ğ•,U+1D54E,1
"\bX",ğ•,U+1D54F,1
"\bY",ğ•,U+1D550,1
"\bZ",â„¤,U+2124,1
"\bGG",â„¾,U+213E,1
"\bGP",â„¿,U+213F,1
"\bGS",â…€,U+2140,1
"\ba",ğ•’,U+1D552,1
"\bb",ğ•“,U+1D553,1
"\bc",ğ•”,U+1D554,1
"\bd",ğ••,U+1D555,1
"\be",ğ•–,U+1D556,1
"\bf",ğ•—,U+1D557,1
"\bg",ğ•˜,U+1D558,1
"\bh",ğ•™,U+1D559,1
"\bi",ğ•š,U+1D55A,1
"\bj",ğ•›,U+1D55B,1
"\bk",ğ•œ,U+1D55C,1
"\bl",ğ•,U+1D55D,1
"\bm",ğ•,U+1D55E,1
"\bn",ğ•Ÿ,U+1D55F,1
"\bo",ğ• ,U+1D560,1
"\bp",ğ•¡,U+1D561,1
"\bq",ğ•¢,U+1D562,1
"\br",ğ•£,U+1D563,1
"\bs",ğ•¤,U+1D564,1
"\bt",ğ•¥,U+1D565,1
"\bu",ğ•¦,U+1D566,1
"\bv",ğ•§,U+1D567,1
"\bw",ğ•¨,U+1D568,1
"\bx",ğ•©,U+1D569,1
"\by",ğ•ª,U+1D56A,1
"\bz",ğ•«,U+1D56B,1
"\bGg",â„½,U+213D,1
"\bGp",â„¼,U+213C,1
"\b0",ğŸ˜,U+1D7D8,1
"\b1",ğŸ™,U+1D7D9,1
"\b2",ğŸš,U+1D7DA,1
"\b3",ğŸ›,U+1D7DB,1
"\b4",ğŸœ,U+1D7DC,1
"\b5",ğŸ,U+1D7DD,1
"\b6",ğŸ,U+1D7DE,1
"\b7",ğŸŸ,U+1D7DF,1
"\b8",ğŸ ,U+1D7E0,1
"\b9",ğŸ¡,U+1D7E1,1
"\BA",ğ€,U+1D400,1
"\BB",ğ,U+1D401,1
"\BC",ğ‚,U+1D402,1
"\BD",ğƒ,U+1D403,1
"\BE",ğ„,U+1D404,1
"\BF",ğ…,U+1D405,1
"\BG",ğ†,U+1D406,1
"\BH",ğ‡,U+1D407,1
"\BI",ğˆ,U+1D408,1
"\BJ",ğ‰,U+1D409,1
"\BK",ğŠ,U+1D40A,1
"\BL",ğ‹,U+1D40B,1
"\BM",ğŒ,U+1D40C,1
"\BN",ğ,U+1D40D,1
"\BO",ğ,U+1D40E,1
"\BP",ğ,U+1D40F,1
"\BQ",ğ,U+1D410,1
"\BR",ğ‘,U+1D411,1
"\BS",ğ’,U+1D412,1
"\BT",ğ“,U+1D413,1
"\BU",ğ”,U+1D414,1
"\BV",ğ•,U+1D415,1
"\BW",ğ–,U+1D416,1
"\BX",ğ—,U+1D417,1
"\BY",ğ˜,U+1D418,1
"\BZ",ğ™,U+1D419,1
"\Ba",ğš,U+1D41A,1
"\Bb",ğ›,U+1D41B,1
"\Bc",ğœ,U+1D41C,1
"\Bd",ğ,U+1D41D,1
"\Be",ğ,U+1D41E,1
"\Bf",ğŸ,U+1D41F,1
"\Bg",ğ ,U+1D420,1
"\Bh",ğ¡,U+1D421,1
"\Bi",ğ¢,U+1D422,1
"\Bj",ğ£,U+1D423,1
"\Bk",ğ¤,U+1D424,1
"\Bl",ğ¥,U+1D425,1
"\Bm",ğ¦,U+1D426,1
"\Bn",ğ§,U+1D427,1
"\Bo",ğ¨,U+1D428,1
"\Bp",ğ©,U+1D429,1
"\Bq",ğª,U+1D42A,1
"\Br",ğ«,U+1D42B,1
"\Bs",ğ¬,U+1D42C,1
"\Bt",ğ­,U+1D42D,1
"\Bu",ğ®,U+1D42E,1
"\Bv",ğ¯,U+1D42F,1
"\Bw",ğ°,U+1D430,1
"\Bx",ğ±,U+1D431,1
"\By",ğ²,U+1D432,1
"\Bz",ğ³,U+1D433,1
"\BGA",ğš¨,U+1D6A8,1
"\BGB",ğš©,U+1D6A9,1
"\BGC",ğš¾,U+1D6BE,1
"\BGD",ğš«,U+1D6AB,1
"\BGE",ğš¬,U+1D6AC,1
"\BGG",ğšª,U+1D6AA,1
"\BGH",ğš®,U+1D6AE,1
"\BGI",ğš°,U+1D6B0,1
"\BGK",ğš±,U+1D6B1,1
"\BGL",ğš²,U+1D6B2,1
"\BGM",ğš³,U+1D6B3,1
"\BGN",ğš´,U+1D6B4,1
"\BGO",ğ›€,U+1D6C0,1
"\BOmicron",ğš¶,U+1D6B6,1
"\BGF",ğš½,U+1D6BD,1
"\BPi",ğš·,U+1D6B7,1
"\BGP",ğš¿,U+1D6BF,1
"\BGR",ğš¸,U+1D6B8,1
"\BGS",ğšº,U+1D6BA,1
"\BGT",ğš»,U+1D6BB,1
"\BGTH",ğš¯,U+1D6AF,1
"\BGU",ğš¼,U+1D6BC,1
"\BGX",ğšµ,U+1D6B5,1
"\BGZ",ğš­,U+1D6AD,1
"\BGa",ğ›‚,U+1D6C2,1
"\BGb",ğ›ƒ,U+1D6C3,1
"\BGc",ğ›˜,U+1D6D8,1
"\BGd",ğ›…,U+1D6C5,1
"\BGe",ğ›†,U+1D6C6,1
"\BGg",ğ›„,U+1D6C4,1
"\BGh",ğ›ˆ,U+1D6C8,1
"\BGi",ğ›Š,U+1D6CA,1
"\BGk",ğ›‹,U+1D6CB,1
"\BGl",ğ›Œ,U+1D6CC,1
"\BGm",ğ›,U+1D6CD,1
"\BGn",ğ›,U+1D6CE,1
"\BGo",ğ›š,U+1D6DA,1
"\Bomicron",ğ›,U+1D6D0,1
"\BGf",ğ›—,U+1D6D7,1
"\Bpi",ğ›‘,U+1D6D1,1
"\BGp",ğ›™,U+1D6D9,1
"\BGr",ğ›’,U+1D6D2,1
"\BGs",ğ›”,U+1D6D4,1
"\BGt",ğ›•,U+1D6D5,1
"\BGth",ğ›‰,U+1D6C9,1
"\BGu",ğ›–,U+1D6D6,1
"\BGx",ğ›,U+1D6CF,1
"\BGz",ğ›‡,U+1D6C7,1
"\B0",ğŸ,U+1D7CE,1
"\B1",ğŸ,U+1D7CF,1
"\B2",ğŸ,U+1D7D0,1
"\B3",ğŸ‘,U+1D7D1,1
"\B4",ğŸ’,U+1D7D2,1
"\B5",ğŸ“,U+1D7D3,1
"\B6",ğŸ”,U+1D7D4,1
"\B7",ğŸ•,U+1D7D5,1
"\B8",ğŸ–,U+1D7D6,1
"\B9",ğŸ—,U+1D7D7,1
"\FA",ï¼¡,U+FF21,1
"\FB",ï¼¢,U+FF22,1
"\FC",ï¼£,U+FF23,1
"\FD",ï¼¤,U+FF24,1
"\FE",ï¼¥,U+FF25,1
"\FF",ï¼¦,U+FF26,1
"\FG",ï¼§,U+FF27,1
"\FH",ï¼¨,U+FF28,1
"\FI",ï¼©,U+FF29,1
"\FJ",ï¼ª,U+FF2A,1
"\FK",ï¼«,U+FF2B,1
"\FL",ï¼¬,U+FF2C,1
"\FM",ï¼­,U+FF2D,1
"\FN",ï¼®,U+FF2E,1
"\FO",ï¼¯,U+FF2F,1
"\FP",ï¼°,U+FF30,1
"\FQ",ï¼±,U+FF31,1
"\FR",ï¼²,U+FF32,1
"\FS",ï¼³,U+FF33,1
"\FT",ï¼´,U+FF34,1
"\FU",ï¼µ,U+FF35,1
"\FV",ï¼¶,U+FF36,1
"\FW",ï¼·,U+FF37,1
"\FX",ï¼¸,U+FF38,1
"\FY",ï¼¹,U+FF39,1
"\FZ",ï¼º,U+FF3A,1
"\Fa",ï½,U+FF41,1
"\Fb",ï½‚,U+FF42,1
"\Fc",ï½ƒ,U+FF43,1
"\Fd",ï½„,U+FF44,1
"\Fe",ï½…,U+FF45,1
"\Ff",ï½†,U+FF46,1
"\Fg",ï½‡,U+FF47,1
"\Fh",ï½ˆ,U+FF48,1
"\Fi",ï½‰,U+FF49,1
"\Fj",ï½Š,U+FF4A,1
"\Fk",ï½‹,U+FF4B,1
"\Fl",ï½Œ,U+FF4C,1
"\Fm",ï½,U+FF4D,1
"\Fn",ï½,U+FF4E,1
"\Fo",ï½,U+FF4F,1
"\Fp",ï½,U+FF50,1
"\Fq",ï½‘,U+FF51,1
"\Fr",ï½’,U+FF52,1
"\Fs",ï½“,U+FF53,1
"\Ft",ï½”,U+FF54,1
"\Fu",ï½•,U+FF55,1
"\Fv",ï½–,U+FF56,1
"\Fw",ï½—,U+FF57,1
"\Fx",ï½˜,U+FF58,1
"\Fy",ï½™,U+FF59,1
"\Fz",ï½š,U+FF5A,1
"\F0",ï¼,U+FF10,1
"\F1",ï¼‘,U+FF11,1
"\F2",ï¼’,U+FF12,1
"\F3",ï¼“,U+FF13,1
"\F4",ï¼”,U+FF14,1
"\F5",ï¼•,U+FF15,1
"\F6",ï¼–,U+FF16,1
"\F7",ï¼—,U+FF17,1
"\F8",ï¼˜,U+FF18,1
"\F9",ï¼™,U+FF19,1
"\F!",ï¼,U+FF01,1
"\F\"",ï¼‚,U+FF02,1
"\F#",ï¼ƒ,U+FF03,1
"\F$",ï¼„,U+FF04,1
"\F%",ï¼…,U+FF05,1
"\F&",ï¼†,U+FF06,1
"\F'",ï¼‡,U+FF07,1
"\F(",ï¼ˆ,U+FF08,1
"\F)",ï¼‰,U+FF09,1
"\F*",ï¼Š,U+FF0A,1
"\F+",ï¼‹,U+FF0B,1
"\F,",ï¼Œ,U+FF0C,1
"\F-",ï¼,U+FF0D,1
"\F.",ï¼,U+FF0E,1
"\F/",ï¼,U+FF0F,1
"\F:",ï¼š,U+FF1A,1
"\F;",ï¼›,U+FF1B,1
"\F<",ï¼œ,U+FF1C,1
"\F=",ï¼,U+FF1D,1
"\F>",ï¼,U+FF1E,1
"\F?",ï¼Ÿ,U+FF1F,1
"\F@",ï¼ ,U+FF20,1
"\F[",ï¼»,U+FF3B,1
"\F\\",ï¼¼,U+FF3C,1
"\F]",ï¼½,U+FF3D,1
"\F_",ï¼¿,U+FF3F,1
"\F{",ï½›,U+FF5B,1
"\F|",ï½œ,U+FF5C,1
"\F}",ï½,U+FF5D,1
"\F~",ï½,U+FF5E,1
"\F((",ï½Ÿ,U+FF5F,1
"\F))",ï½ ,U+FF60,1
"\Fneg",ï¿¢,U+FFE2,1
"\(",(,U+0028,1
"\(",[,U+005B,2
"\(",{,U+007B,3
"\(",â…,U+2045,4
"\(",â½,U+207D,5
"\(",â‚,U+208D,6
"\(",âŒ©,U+2329,7
"\(",â´,U+23B4,8
"\(",âŸ…,U+27C5,9
"\(",âŸ¦,U+27E6,10
"\(",âŸ¨,U+27E8,11
"\(",âŸª,U+27EA,12
"\(",â¦ƒ,U+2983,13
"\(",ã€ˆ,U+3008,14
"\(",ã€Š,U+300A,15
"\(",ã€Œ,U+300C,16
"\(",ã€,U+300E,17
"\(",ã€,U+3010,18
"\(",ã€”,U+3014,19
"\(",ã€–,U+3016,20
"\(",ã€š,U+301A,21
"\(",ï¸µ,U+FE35,22
"\(",ï¸·,U+FE37,23
"\(",ï¸¹,U+FE39,24
"\(",ï¸»,U+FE3B,25
"\(",ï¸½,U+FE3D,26
"\(",ï¸¿,U+FE3F,27
"\(",ï¹,U+FE41,28
"\(",ï¹ƒ,U+FE43,29
"\(",ï¹™,U+FE59,30
"\(",ï¹›,U+FE5B,31
"\(",ï¹,U+FE5D,32
"\(",ï¼ˆ,U+FF08,33
"\(",ï¼»,U+FF3B,34
"\(",ï½›,U+FF5B,35
"\(",ï½¢,U+FF62,36
"\(",âª,U+276A,37
"\(",â¬,U+276C,38
"\(",â°,U+2770,39
"\(",â²,U+2772,40
"\(",â´,U+2774,41
"\(",âŸ®,U+27EE,42
"\(",â¦…,U+2985,43
"\(",â¦—,U+2997,44
"\(",â§¼,U+29FC,45
"\(",â¸¨,U+2E28,46
"\(",â®,U+276E,47
"\(",â¦‡,U+2987,48
"\(",â¦‰,U+2989,49
"\)",),U+0029,1
"\)",],U+005D,2
"\)",},U+007D,3
"\)",â†,U+2046,4
"\)",â¾,U+207E,5
"\)",â‚,U+208E,6
"\)",âŒª,U+232A,7
"\)",âµ,U+23B5,8
"\)",âŸ†,U+27C6,9
"\)",âŸ§,U+27E7,10
"\)",âŸ©,U+27E9,11
"\)",âŸ«,U+27EB,12
"\)",â¦„,U+2984,13
"\)",ã€‰,U+3009,14
"\)",ã€‹,U+300B,15
"\)",ã€,U+300D,16
"\)",ã€,U+300F,17
"\)",ã€‘,U+3011,18
"\)",ã€•,U+3015,19
"\)",ã€—,U+3017,20
"\)",ã€›,U+301B,21
"\)",ï¸¶,U+FE36,22
"\)",ï¸¸,U+FE38,23
"\)",ï¸º,U+FE3A,24
"\)",ï¸¼,U+FE3C,25
"\)",ï¸¾,U+FE3E,26
"\)",ï¹€,U+FE40,27
"\)",ï¹‚,U+FE42,28
"\)",ï¹„,U+FE44,29
"\)",ï¹š,U+FE5A,30
"\)",ï¹œ,U+FE5C,31
"\)",ï¹,U+FE5E,32
"\)",ï¼‰,U+FF09,33
"\)",ï¼½,U+FF3D,34
"\)",ï½,U+FF5D,35
"\)",ï½£,U+FF63,36
"\)",â«,U+276B,37
"\)",â­,U+276D,38
"\)",â±,U+2771,39
"\)",â³,U+2773,40
"\)",âµ,U+2775,41
"\)",âŸ¯,U+27EF,42
"\)",â¦†,U+2986,43
"\)",â¦˜,U+2998,44
"\)",â§½,U+29FD,45
"\)",â¸©,U+2E29,46
"\)",â¯,U+276F,47
"\)",â¦ˆ,U+2988,48
"\)",â¦Š,U+298A,49
"\[[",âŸ¦,U+27E6,1
"\]]",âŸ§,U+27E7,1
"\<",âŸ¨,U+27E8,1
"\<",<,U+003C,2
"\<",â‰ª,U+226A,3
"\<",â‹˜,U+22D8,4
"\<",â‰º,U+227A,5
"\<",âŠ‚,U+2282,6
"\<",â‹,U+22D0,7
"\<",âŠ,U+228F,8
"\<",âŠ°,U+22B0,9
"\<",âŠ²,U+22B2,10
"\<",â‹–,U+22D6,11
"\<",ï¼œ,U+FF1C,12
"\>",âŸ©,U+27E9,1
"\>",>,U+003E,2
"\>",â‰«,U+226B,3
"\>",â‹™,U+22D9,4
"\>",â‰»,U+227B,5
"\>",âŠƒ,U+2283,6
"\>",â‹‘,U+22D1,7
"\>",âŠ,U+2290,8
"\>",âŠ±,U+22B1,9
"\>",âŠ³,U+22B3,10
"\>",â‹—,U+22D7,11
"\>",ï¼,U+FF1E,12
"\<<",âŸª,U+27EA,1
"\>>",âŸ«,U+27EB,1
"\{{",â¦ƒ,U+2983,1
"\}}",â¦„,U+2984,1
"\(b",âŸ…,U+27C5,1
"\)b",âŸ†,U+27C6,1
"\lbag",âŸ…,U+27C5,1
"\rbag",âŸ†,U+27C6,1
"\<|",â¦‰,U+2989,1
"\|>",â¦Š,U+298A,1
"\(|",â¦‡,U+2987,1
"\|)",â¦ˆ,U+2988,1
"\((",â¦…,U+2985,1
"\((",ï½Ÿ,U+FF5F,2
"\))",â¦†,U+2986,1
"\))",ï½ ,U+FF60,2
"\'",â€²,U+2032,1
"\'",â€³,U+2033,2
"\'",â€´,U+2034,3
"\'",â—,U+2057,4
"\'",ï¼‡,U+FF07,5
"\`",â€µ,U+2035,1
"\`",â€¶,U+2036,2
"\`",â€·,U+2037,3
"\`",ï½€,U+FF40,4
"\frac",Â¼,U+00BC,1
"\frac",Â½,U+00BD,2
"\frac",Â¾,U+00BE,3
"\frac",â…“,U+2153,4
"\frac",â…”,U+2154,5
"\frac",â…•,U+2155,6
"\frac",â…–,U+2156,7
"\frac",â…—,U+2157,8
"\frac",â…˜,U+2158,9
"\frac",â…™,U+2159,10
"\frac",â…š,U+215A,11
"\frac",â…›,U+215B,12
"\frac",â…œ,U+215C,13
"\frac",â…,U+215D,14
"\frac",â…,U+215E,15
"\frac",â…Ÿ,U+215F,16
"\bu",â€¢,U+2022,1
"\bu",â—¦,U+25E6,2
"\bu",â€£,U+2023,3
"\bu",âŒ,U+204C,4
"\bu",â,U+204D,5
"\bub",â€¢,U+2022,1
"\buw",â—¦,U+25E6,1
"\but",â€£,U+2023,1
"\note",â™©,U+2669,1
"\note",â™ª,U+266A,2
"\note",â™«,U+266B,3
"\note",â™¬,U+266C,4
"\b",â™­,U+266D,1
"\#",â™¯,U+266F,1
"\bb",ğ„«,U+1D12B,1
"\##",ğ„ª,U+1D12A,1
"\\\",\,U+005C,1
"\en",â€“,U+2013,1
"\em",â€”,U+2014,1
"\!",ï¼,U+FF01,1
"\!!",â€¼,U+203C,1
"\?",ï¼Ÿ,U+FF1F,1
"\??",â‡,U+2047,1
"\?!",â€½,U+203D,1
"\?!",âˆ,U+2048,2
"\!?",â‰,U+2049,1
"\die",âš€,U+2680,1
"\die",âš,U+2681,2
"\die",âš‚,U+2682,3
"\die",âšƒ,U+2683,4
"\die",âš„,U+2684,5
"\die",âš…,U+2685,6
"\asterisk",â,U+204E,1
"\asterisk",â‘,U+2051,2
"\asterisk",â‚,U+2042,3
"\asterisk",âœ¢,U+2722,4
"\asterisk",âœ£,U+2723,5
"\asterisk",âœ¤,U+2724,6
"\asterisk",âœ¥,U+2725,7
"\asterisk",âœ±,U+2731,8
"\asterisk",âœ²,U+2732,9
"\asterisk",âœ³,U+2733,10
"\asterisk",âœº,U+273A,11
"\asterisk",âœ»,U+273B,12
"\asterisk",âœ¼,U+273C,13
"\asterisk",âœ½,U+273D,14
"\asterisk",âƒ,U+2743,15
"\asterisk",â‰,U+2749,16
"\asterisk",âŠ,U+274A,17
"\asterisk",â‹,U+274B,18
"\asterisk",ï¼Š,U+FF0A,19
"\8<",âœ‚,U+2702,1
"\8<",âœ„,U+2704,2
"\tie",â€,U+2040,1
"\undertie",â€¿,U+203F,1
"\apl",âŒ¶,U+2336,1
"\apl",âŒ·,U+2337,2
"\apl",âŒ¸,U+2338,3
"\apl",âŒ¹,U+2339,4
"\apl",âŒº,U+233A,5
"\apl",âŒ»,U+233B,6
"\apl",âŒ¼,U+233C,7
"\apl",âŒ½,U+233D,8
"\apl",âŒ¾,U+233E,9
"\apl",âŒ¿,U+233F,10
"\apl",â€,U+2340,11
"\apl",â,U+2341,12
"\apl",â‚,U+2342,13
"\apl",âƒ,U+2343,14
"\apl",â„,U+2344,15
"\apl",â…,U+2345,16
"\apl",â†,U+2346,17
"\apl",â‡,U+2347,18
"\apl",âˆ,U+2348,19
"\apl",â‰,U+2349,20
"\apl",âŠ,U+234A,21
"\apl",â‹,U+234B,22
"\apl",âŒ,U+234C,23
"\apl",â,U+234D,24
"\apl",â,U+234E,25
"\apl",â,U+234F,26
"\apl",â,U+2350,27
"\apl",â‘,U+2351,28
"\apl",â’,U+2352,29
"\apl",â“,U+2353,30
"\apl",â”,U+2354,31
"\apl",â•,U+2355,32
"\apl",â–,U+2356,33
"\apl",â—,U+2357,34
"\apl",â˜,U+2358,35
"\apl",â™,U+2359,36
"\apl",âš,U+235A,37
"\apl",â›,U+235B,38
"\apl",âœ,U+235C,39
"\apl",â,U+235D,40
"\apl",â,U+235E,41
"\apl",âŸ,U+235F,42
"\apl",â ,U+2360,43
"\apl",â¡,U+2361,44
"\apl",â¢,U+2362,45
"\apl",â£,U+2363,46
"\apl",â¤,U+2364,47
"\apl",â¥,U+2365,48
"\apl",â¦,U+2366,49
"\apl",â§,U+2367,50
"\apl",â¨,U+2368,51
"\apl",â©,U+2369,52
"\apl",âª,U+236A,53
"\apl",â«,U+236B,54
"\apl",â¬,U+236C,55
"\apl",â­,U+236D,56
"\apl",â®,U+236E,57
"\apl",â¯,U+236F,58
"\apl",â°,U+2370,59
"\apl",â±,U+2371,60
"\apl",â²,U+2372,61
"\apl",â³,U+2373,62
"\apl",â´,U+2374,63
"\apl",âµ,U+2375,64
"\apl",â¶,U+2376,65
"\apl",â·,U+2377,66
"\apl",â¸,U+2378,67
"\apl",â¹,U+2379,68
"\apl",âº,U+237A,69
"\apl",â•,U+2395,70
"\#",ï¼ƒ,U+FF03,1
"\%",ï¼…,U+FF05,1
"\&",ï¼†,U+FF06,1
"\*",ï¼Š,U+FF0A,1
"\/",ï¼,U+FF0F,1
"\/",ï¼¼,U+FF3C,2
"\@",ï¼ ,U+FF20,1
"\__",ï¼¿,U+FF3F,1
"\\"",ï¼‚,U+FF02,1
"\crossmark",âœ—,U+2717,1
"\^--",Ì…,U+0305,1
"\^--",Ì¿,U+033F,2
"\_--",Ì²,U+0332,1
"\_--",Ì³,U+0333,2
"\^~",Ìƒ,U+0303,1
"\^~",ÍŒ,U+034C,2
"\_~",Ì°,U+0330,1
"\^.",Ì‡,U+0307,1
"\^.",Ìˆ,U+0308,2
"\^.",âƒ›,U+20DB,3
"\^.",âƒœ,U+20DC,4
"\_.",Ì£,U+0323,1
"\_.",Ì¤,U+0324,2
"\^l",âƒ–,U+20D6,1
"\^l",âƒ,U+20D0,2
"\^l",âƒ”,U+20D4,3
"\^l-",âƒ–,U+20D6,1
"\^r",âƒ—,U+20D7,1
"\^r",âƒ‘,U+20D1,2
"\^r",âƒ•,U+20D5,3
"\^r-",âƒ—,U+20D7,1
"\^lr",âƒ¡,U+20E1,1
"\_lr",Í,U+034D,1
"\^^",Ì‚,U+0302,1
"\^^",Ì‘,U+0311,2
"\^^",Í†,U+0346,3
"\_^",Ì­,U+032D,1
"\_^",Ì¯,U+032F,2
"\_^",Ìª,U+032A,3
"\^v",ÌŒ,U+030C,1
"\^v",Ì†,U+0306,2
"\_v",Ì¬,U+032C,1
"\_v",Ì®,U+032E,2
"\_v",Ìº,U+033A,3
"\Ga",Î±,U+03B1,1
"\GA",Î‘,U+0391,1
"\Gb",Î²,U+03B2,1
"\GB",Î’,U+0392,1
"\Gg",Î³,U+03B3,1
"\GG",Î“,U+0393,1
"\Gd",Î´,U+03B4,1
"\GD",Î”,U+0394,1
"\Ge",Îµ,U+03B5,1
"\GE",Î•,U+0395,1
"\Gz",Î¶,U+03B6,1
"\GZ",Î–,U+0396,1
"\Gh",Î·,U+03B7,1
"\GH",Î—,U+0397,1
"\Gth",Î¸,U+03B8,1
"\GTH",Î˜,U+0398,1
"\Gi",Î¹,U+03B9,1
"\GI",Î™,U+0399,1
"\Gk",Îº,U+03BA,1
"\GK",Îš,U+039A,1
"\Gl",Î»,U+03BB,1
"\GL",Î›,U+039B,1
"\Gl-",Æ›,U+019B,1
"\Gm",Î¼,U+03BC,1
"\GM",Îœ,U+039C,1
"\Gn",Î½,U+03BD,1
"\GN",Î,U+039D,1
"\Gx",Î¾,U+03BE,1
"\GX",Î,U+039E,1
"\Gr",Ï,U+03C1,1
"\GR",Î¡,U+03A1,1
"\Gs",Ïƒ,U+03C3,1
"\GS",Î£,U+03A3,1
"\Gt",Ï„,U+03C4,1
"\GT",Î¤,U+03A4,1
"\Gu",Ï…,U+03C5,1
"\GU",Î¥,U+03A5,1
"\Gf",Ï†,U+03C6,1
"\GF",Î¦,U+03A6,1
"\Gc",Ï‡,U+03C7,1
"\GC",Î§,U+03A7,1
"\Gp",Ïˆ,U+03C8,1
"\GP",Î¨,U+03A8,1
"\Go",Ï‰,U+03C9,1
"\GO",Î©,U+03A9,1
"\MiA",ğ´,U+1D434,1
"\MiB",ğµ,U+1D435,1
"\MiC",ğ¶,U+1D436,1
"\MiD",ğ·,U+1D437,1
"\MiE",ğ¸,U+1D438,1
"\MiF",ğ¹,U+1D439,1
"\MiG",ğº,U+1D43A,1
"\MiH",ğ»,U+1D43B,1
"\MiI",ğ¼,U+1D43C,1
"\MiJ",ğ½,U+1D43D,1
"\MiK",ğ¾,U+1D43E,1
"\MiL",ğ¿,U+1D43F,1
"\MiM",ğ‘€,U+1D440,1
"\MiN",ğ‘,U+1D441,1
"\MiO",ğ‘‚,U+1D442,1
"\MiP",ğ‘ƒ,U+1D443,1
"\MiQ",ğ‘„,U+1D444,1
"\MiR",ğ‘…,U+1D445,1
"\MiS",ğ‘†,U+1D446,1
"\MiT",ğ‘‡,U+1D447,1
"\MiU",ğ‘ˆ,U+1D448,1
"\MiV",ğ‘‰,U+1D449,1
"\MiW",ğ‘Š,U+1D44A,1
"\MiX",ğ‘‹,U+1D44B,1
"\MiY",ğ‘Œ,U+1D44C,1
"\MiZ",ğ‘,U+1D44D,1
"\Mia",ğ‘,U+1D44E,1
"\Mib",ğ‘,U+1D44F,1
"\Mic",ğ‘,U+1D450,1
"\Mid",ğ‘‘,U+1D451,1
"\Mie",ğ‘’,U+1D452,1
"\Mif",ğ‘“,U+1D453,1
"\Mig",ğ‘”,U+1D454,1
"\Mih",â„,U+210E,1
"\Mii",ğ‘–,U+1D456,1
"\Mij",ğ‘—,U+1D457,1
"\Mik",ğ‘˜,U+1D458,1
"\Mil",ğ‘™,U+1D459,1
"\Mim",ğ‘š,U+1D45A,1
"\Min",ğ‘›,U+1D45B,1
"\Mio",ğ‘œ,U+1D45C,1
"\Mip",ğ‘,U+1D45D,1
"\Miq",ğ‘,U+1D45E,1
"\Mir",ğ‘Ÿ,U+1D45F,1
"\Mis",ğ‘ ,U+1D460,1
"\Mit",ğ‘¡,U+1D461,1
"\Miu",ğ‘¢,U+1D462,1
"\Miv",ğ‘£,U+1D463,1
"\Miw",ğ‘¤,U+1D464,1
"\Mix",ğ‘¥,U+1D465,1
"\Miy",ğ‘¦,U+1D466,1
"\Miz",ğ‘§,U+1D467,1
"\MIA",ğ‘¨,U+1D468,1
"\MIB",ğ‘©,U+1D469,1
"\MIC",ğ‘ª,U+1D46A,1
"\MID",ğ‘«,U+1D46B,1
"\MIE",ğ‘¬,U+1D46C,1
"\MIF",ğ‘­,U+1D46D,1
"\MIG",ğ‘®,U+1D46E,1
"\MIH",ğ‘¯,U+1D46F,1
"\MII",ğ‘°,U+1D470,1
"\MIJ",ğ‘±,U+1D471,1
"\MIK",ğ‘²,U+1D472,1
"\MIL",ğ‘³,U+1D473,1
"\MIM",ğ‘´,U+1D474,1
"\MIN",ğ‘µ,U+1D475,1
"\MIO",ğ‘¶,U+1D476,1
"\MIP",ğ‘·,U+1D477,1
"\MIQ",ğ‘¸,U+1D478,1
"\MIR",ğ‘¹,U+1D479,1
"\MIS",ğ‘º,U+1D47A,1
"\MIT",ğ‘»,U+1D47B,1
"\MIU",ğ‘¼,U+1D47C,1
"\MIV",ğ‘½,U+1D47D,1
"\MIW",ğ‘¾,U+1D47E,1
"\MIX",ğ‘¿,U+1D47F,1
"\MIY",ğ’€,U+1D480,1
"\MIZ",ğ’,U+1D481,1
"\MIa",ğ’‚,U+1D482,1
"\MIb",ğ’ƒ,U+1D483,1
"\MIc",ğ’„,U+1D484,1
"\MId",ğ’…,U+1D485,1
"\MIe",ğ’†,U+1D486,1
"\MIf",ğ’‡,U+1D487,1
"\MIg",ğ’ˆ,U+1D488,1
"\MIh",ğ’‰,U+1D489,1
"\MIi",ğ’Š,U+1D48A,1
"\MIj",ğ’‹,U+1D48B,1
"\MIk",ğ’Œ,U+1D48C,1
"\MIl",ğ’,U+1D48D,1
"\MIm",ğ’,U+1D48E,1
"\MIn",ğ’,U+1D48F,1
"\MIo",ğ’,U+1D490,1
"\MIp",ğ’‘,U+1D491,1
"\MIq",ğ’’,U+1D492,1
"\MIr",ğ’“,U+1D493,1
"\MIs",ğ’”,U+1D494,1
"\MIt",ğ’•,U+1D495,1
"\MIu",ğ’–,U+1D496,1
"\MIv",ğ’—,U+1D497,1
"\MIw",ğ’˜,U+1D498,1
"\MIx",ğ’™,U+1D499,1
"\MIy",ğ’š,U+1D49A,1
"\MIz",ğ’›,U+1D49B,1
"\McA",ğ’œ,U+1D49C,1
"\McB",â„¬,U+212C,1
"\McC",ğ’,U+1D49E,1
"\McD",ğ’Ÿ,U+1D49F,1
"\McE",â„°,U+2130,1
"\McF",â„±,U+2131,1
"\McG",ğ’¢,U+1D4A2,1
"\McH",â„‹,U+210B,1
"\McI",â„,U+2110,1
"\McJ",ğ’¥,U+1D4A5,1
"\McK",ğ’¦,U+1D4A6,1
"\McL",â„’,U+2112,1
"\McM",â„³,U+2133,1
"\McN",ğ’©,U+1D4A9,1
"\McO",ğ’ª,U+1D4AA,1
"\McP",ğ’«,U+1D4AB,1
"\McQ",ğ’¬,U+1D4AC,1
"\McR",â„›,U+211B,1
"\McS",ğ’®,U+1D4AE,1
"\McT",ğ’¯,U+1D4AF,1
"\McU",ğ’°,U+1D4B0,1
"\McV",ğ’±,U+1D4B1,1
"\McW",ğ’²,U+1D4B2,1
"\McX",ğ’³,U+1D4B3,1
"\McY",ğ’´,U+1D4B4,1
"\McZ",ğ’µ,U+1D4B5,1
"\Mca",ğ’¶,U+1D4B6,1
"\Mcb",ğ’·,U+1D4B7,1
"\Mcc",ğ’¸,U+1D4B8,1
"\Mcd",ğ’¹,U+1D4B9,1
"\Mce",â„¯,U+212F,1
"\Mcf",ğ’»,U+1D4BB,1
"\Mcg",â„Š,U+210A,1
"\Mch",ğ’½,U+1D4BD,1
"\Mci",ğ’¾,U+1D4BE,1
"\Mcj",ğ’¿,U+1D4BF,1
"\Mck",ğ“€,U+1D4C0,1
"\Mcl",ğ“,U+1D4C1,1
"\Mcm",ğ“‚,U+1D4C2,1
"\Mcn",ğ“ƒ,U+1D4C3,1
"\Mco",â„´,U+2134,1
"\Mcp",ğ“…,U+1D4C5,1
"\Mcq",ğ“†,U+1D4C6,1
"\Mcr",ğ“‡,U+1D4C7,1
"\Mcs",ğ“ˆ,U+1D4C8,1
"\Mct",ğ“‰,U+1D4C9,1
"\Mcu",ğ“Š,U+1D4CA,1
"\Mcv",ğ“‹,U+1D4CB,1
"\Mcw",ğ“Œ,U+1D4CC,1
"\Mcx",ğ“,U+1D4CD,1
"\Mcy",ğ“,U+1D4CE,1
"\Mcz",ğ“,U+1D4CF,1
"\MCA",ğ“,U+1D4D0,1
"\MCB",ğ“‘,U+1D4D1,1
"\MCC",ğ“’,U+1D4D2,1
"\MCD",ğ““,U+1D4D3,1
"\MCE",ğ“”,U+1D4D4,1
"\MCF",ğ“•,U+1D4D5,1
"\MCG",ğ“–,U+1D4D6,1
"\MCH",ğ“—,U+1D4D7,1
"\MCI",ğ“˜,U+1D4D8,1
"\MCJ",ğ“™,U+1D4D9,1
"\MCK",ğ“š,U+1D4DA,1
"\MCL",ğ“›,U+1D4DB,1
"\MCM",ğ“œ,U+1D4DC,1
"\MCN",ğ“,U+1D4DD,1
"\MCO",ğ“,U+1D4DE,1
"\MCP",ğ“Ÿ,U+1D4DF,1
"\MCQ",ğ“ ,U+1D4E0,1
"\MCR",ğ“¡,U+1D4E1,1
"\MCS",ğ“¢,U+1D4E2,1
"\MCT",ğ“£,U+1D4E3,1
"\MCU",ğ“¤,U+1D4E4,1
"\MCV",ğ“¥,U+1D4E5,1
"\MCW",ğ“¦,U+1D4E6,1
"\MCX",ğ“§,U+1D4E7,1
"\MCY",ğ“¨,U+1D4E8,1
"\MCZ",ğ“©,U+1D4E9,1
"\MCa",ğ“ª,U+1D4EA,1
"\MCb",ğ“«,U+1D4EB,1
"\MCc",ğ“¬,U+1D4EC,1
"\MCd",ğ“­,U+1D4ED,1
"\MCe",ğ“®,U+1D4EE,1
"\MCf",ğ“¯,U+1D4EF,1
"\MCg",ğ“°,U+1D4F0,1
"\MCh",ğ“±,U+1D4F1,1
"\MCi",ğ“²,U+1D4F2,1
"\MCj",ğ“³,U+1D4F3,1
"\MCk",ğ“´,U+1D4F4,1
"\MCl",ğ“µ,U+1D4F5,1
"\MCm",ğ“¶,U+1D4F6,1
"\MCn",ğ“·,U+1D4F7,1
"\MCo",ğ“¸,U+1D4F8,1
"\MCp",ğ“¹,U+1D4F9,1
"\MCq",ğ“º,U+1D4FA,1
"\MCr",ğ“»,U+1D4FB,1
"\MCs",ğ“¼,U+1D4FC,1
"\MCt",ğ“½,U+1D4FD,1
"\MCu",ğ“¾,U+1D4FE,1
"\MCv",ğ“¿,U+1D4FF,1
"\MCw",ğ”€,U+1D500,1
"\MCx",ğ”,U+1D501,1
"\MCy",ğ”‚,U+1D502,1
"\MCz",ğ”ƒ,U+1D503,1
"\MfA",ğ”„,U+1D504,1
"\MfB",ğ”…,U+1D505,1
"\MfC",â„­,U+212D,1
"\MfD",ğ”‡,U+1D507,1
"\MfE",ğ”ˆ,U+1D508,1
"\MfF",ğ”‰,U+1D509,1
"\MfG",ğ”Š,U+1D50A,1
"\MfH",â„Œ,U+210C,1
"\MfI",â„‘,U+2111,1
"\MfJ",ğ”,U+1D50D,1
"\MfK",ğ”,U+1D50E,1
"\MfL",ğ”,U+1D50F,1
"\MfM",ğ”,U+1D510,1
"\MfN",ğ”‘,U+1D511,1
"\MfO",ğ”’,U+1D512,1
"\MfP",ğ”“,U+1D513,1
"\MfQ",ğ””,U+1D514,1
"\MfR",â„œ,U+211C,1
"\MfS",ğ”–,U+1D516,1
"\MfT",ğ”—,U+1D517,1
"\MfU",ğ”˜,U+1D518,1
"\MfV",ğ”™,U+1D519,1
"\MfW",ğ”š,U+1D51A,1
"\MfX",ğ”›,U+1D51B,1
"\MfY",ğ”œ,U+1D51C,1
"\MfZ",â„¨,U+2128,1
"\Mfa",ğ”,U+1D51E,1
"\Mfb",ğ”Ÿ,U+1D51F,1
"\Mfc",ğ” ,U+1D520,1
"\Mfd",ğ”¡,U+1D521,1
"\Mfe",ğ”¢,U+1D522,1
"\Mff",ğ”£,U+1D523,1
"\Mfg",ğ”¤,U+1D524,1
"\Mfh",ğ”¥,U+1D525,1
"\Mfi",ğ”¦,U+1D526,1
"\Mfj",ğ”§,U+1D527,1
"\Mfk",ğ”¨,U+1D528,1
"\Mfl",ğ”©,U+1D529,1
"\Mfm",ğ”ª,U+1D52A,1
"\Mfn",ğ”«,U+1D52B,1
"\Mfo",ğ”¬,U+1D52C,1
"\Mfp",ğ”­,U+1D52D,1
"\Mfq",ğ”®,U+1D52E,1
"\Mfr",ğ”¯,U+1D52F,1
"\Mfs",ğ”°,U+1D530,1
"\Mft",ğ”±,U+1D531,1
"\Mfu",ğ”²,U+1D532,1
"\Mfv",ğ”³,U+1D533,1
"\Mfw",ğ”´,U+1D534,1
"\Mfx",ğ”µ,U+1D535,1
"\Mfy",ğ”¶,U+1D536,1
"\Mfz",ğ”·,U+1D537,1
"\_a",â‚,U+2090,1
"\_e",â‚‘,U+2091,1
"\_h",â‚•,U+2095,1
"\_i",áµ¢,U+1D62,1
"\_j",â±¼,U+2C7C,1
"\_k",â‚–,U+2096,1
"\_l",â‚—,U+2097,1
"\_m",â‚˜,U+2098,1
"\_n",â‚™,U+2099,1
"\_o",â‚’,U+2092,1
"\_p",â‚š,U+209A,1
"\_r",áµ£,U+1D63,1
"\_s",â‚›,U+209B,1
"\_t",â‚œ,U+209C,1
"\_u",áµ¤,U+1D64,1
"\_v",áµ¥,U+1D65,1
"\_x",â‚“,U+2093,1
"\_Gb",áµ¦,U+1D66,1
"\_Gg",áµ§,U+1D67,1
"\_Gr",áµ¨,U+1D68,1
"\_Gf",áµ©,U+1D69,1
"\_Gc",áµª,U+1D6A,1
"\^a",áµƒ,U+1D43,1
"\^b",áµ‡,U+1D47,1
"\^c",á¶œ,U+1D9C,1
"\^d",áµˆ,U+1D48,1
"\^e",áµ‰,U+1D49,1
"\^f",á¶ ,U+1DA0,1
"\^g",áµ,U+1D4D,1
"\^h",Ê°,U+02B0,1
"\^i",â±,U+2071,1
"\^j",Ê²,U+02B2,1
"\^k",áµ,U+1D4F,1
"\^l",Ë¡,U+02E1,1
"\^m",áµ,U+1D50,1
"\^n",â¿,U+207F,1
"\^o",áµ’,U+1D52,1
"\^p",áµ–,U+1D56,1
"\^r",Ê³,U+02B3,1
"\^s",Ë¢,U+02E2,1
"\^t",áµ—,U+1D57,1
"\^u",áµ˜,U+1D58,1
"\^v",áµ›,U+1D5B,1
"\^w",Ê·,U+02B7,1
"\^x",Ë£,U+02E3,1
"\^y",Ê¸,U+02B8,1
"\^z",á¶»,U+1DBB,1
"\^A",á´¬,U+1D2C,1
"\^B",á´®,U+1D2E,1
"\^D",á´°,U+1D30,1
"\^E",á´±,U+1D31,1
"\^G",á´³,U+1D33,1
"\^H",á´´,U+1D34,1
"\^I",á´µ,U+1D35,1
"\^J",á´¶,U+1D36,1
"\^K",á´·,U+1D37,1
"\^L",á´¸,U+1D38,1
"\^M",á´¹,U+1D39,1
"\^N",á´º,U+1D3A,1
"\^O",á´¼,U+1D3C,1
"\^P",á´¾,U+1D3E,1
"\^R",á´¿,U+1D3F,1
"\^T",áµ€,U+1D40,1
"\^U",áµ,U+1D41,1
"\^V",â±½,U+2C7D,1
"\^W",áµ‚,U+1D42,1
"\^Ga",áµ…,U+1D45,1
"\^Gb",áµ,U+1D5D,1
"\^Gg",áµ,U+1D5E,1
"\^Gd",áµŸ,U+1D5F,1
"\^Ge",áµ‹,U+1D4B,1
"\^Gth",á¶¿,U+1DBF,1
"\^Gi",á¶¥,U+1DA5,1
"\^Gf",áµ ,U+1D60,1
"\^Gc",áµ¡,U+1D61,1
"\^GF",á¶²,U+1DB2,1
"\ ",Â ,U+00A0,1
"\!",Â¡,U+00A1,1
"\cent",Â¢,U+00A2,1
"\brokenbar",Â¦,U+00A6,1
"\degree",Â°,U+00B0,1
"\?",Â¿,U+00BF,1
"\^a_",Âª,U+00AA,1
"\^o_",Âº,U+00BA,1
"\(0)",â“ª,U+24EA,1
"\(0)",ğŸ„€,U+1F100,2
"\(0)",â“¿,U+24FF,3
"\(0)",ğŸ„‹,U+1F10B,4
"\(0)",ğŸ„Œ,U+1F10C,5
"\(1)",â‘´,U+2474,1
"\(1)",â‘ ,U+2460,2
"\(1)",â’ˆ,U+2488,3
"\(1)",â¶,U+2776,4
"\(1)",â€,U+2780,5
"\(1)",âŠ,U+278A,6
"\(2)",â‘µ,U+2475,1
"\(2)",â‘¡,U+2461,2
"\(2)",â’‰,U+2489,3
"\(2)",â·,U+2777,4
"\(2)",â,U+2781,5
"\(2)",â‹,U+278B,6
"\(3)",â‘¶,U+2476,1
"\(3)",â‘¢,U+2462,2
"\(3)",â’Š,U+248A,3
"\(3)",â¸,U+2778,4
"\(3)",â‚,U+2782,5
"\(3)",âŒ,U+278C,6
"\(4)",â‘·,U+2477,1
"\(4)",â‘£,U+2463,2
"\(4)",â’‹,U+248B,3
"\(4)",â¹,U+2779,4
"\(4)",âƒ,U+2783,5
"\(4)",â,U+278D,6
"\(5)",â‘¸,U+2478,1
"\(5)",â‘¤,U+2464,2
"\(5)",â’Œ,U+248C,3
"\(5)",âº,U+277A,4
"\(5)",â„,U+2784,5
"\(5)",â,U+278E,6
"\(6)",â‘¹,U+2479,1
"\(6)",â‘¥,U+2465,2
"\(6)",â’,U+248D,3
"\(6)",â»,U+277B,4
"\(6)",â…,U+2785,5
"\(6)",â,U+278F,6
"\(7)",â‘º,U+247A,1
"\(7)",â‘¦,U+2466,2
"\(7)",â’,U+248E,3
"\(7)",â¼,U+277C,4
"\(7)",â†,U+2786,5
"\(7)",â,U+2790,6
"\(8)",â‘»,U+247B,1
"\(8)",â‘§,U+2467,2
"\(8)",â’,U+248F,3
"\(8)",â½,U+277D,4
"\(8)",â‡,U+2787,5
"\(8)",â‘,U+2791,6
"\(9)",â‘¼,U+247C,1
"\(9)",â‘¨,U+2468,2
"\(9)",â’,U+2490,3
"\(9)",â¾,U+277E,4
"\(9)",âˆ,U+2788,5
"\(9)",â’,U+2792,6
"\(10)",â‘½,U+247D,1
"\(10)",â‘©,U+2469,2
"\(10)",â’‘,U+2491,3
"\(10)",â¿,U+277F,4
"\(10)",â‰,U+2789,5
"\(10)",â“,U+2793,6
"\(11)",â‘¾,U+247E,1
"\(11)",â‘ª,U+246A,2
"\(11)",â’’,U+2492,3
"\(11)",â“«,U+24EB,4
"\(12)",â‘¿,U+247F,1
"\(12)",â‘«,U+246B,2
"\(12)",â’“,U+2493,3
"\(12)",â“¬,U+24EC,4
"\(13)",â’€,U+2480,1
"\(13)",â‘¬,U+246C,2
"\(13)",â’”,U+2494,3
"\(13)",â“­,U+24ED,4
"\(14)",â’,U+2481,1
"\(14)",â‘­,U+246D,2
"\(14)",â’•,U+2495,3
"\(14)",â“®,U+24EE,4
"\(15)",â’‚,U+2482,1
"\(15)",â‘®,U+246E,2
"\(15)",â’–,U+2496,3
"\(15)",â“¯,U+24EF,4
"\(16)",â’ƒ,U+2483,1
"\(16)",â‘¯,U+246F,2
"\(16)",â’—,U+2497,3
"\(16)",â“°,U+24F0,4
"\(17)",â’„,U+2484,1
"\(17)",â‘°,U+2470,2
"\(17)",â’˜,U+2498,3
"\(17)",â“±,U+24F1,4
"\(18)",â’…,U+2485,1
"\(18)",â‘±,U+2471,2
"\(18)",â’™,U+2499,3
"\(18)",â“²,U+24F2,4
"\(19)",â’†,U+2486,1
"\(19)",â‘²,U+2472,2
"\(19)",â’š,U+249A,3
"\(19)",â“³,U+24F3,4
"\(20)",â’‡,U+2487,1
"\(20)",â‘³,U+2473,2
"\(20)",â’›,U+249B,3
"\(20)",â“´,U+24F4,4
"\(a)",â’œ,U+249C,1
"\(a)",â’¶,U+24B6,2
"\(a)",â“,U+24D0,3
"\(a)",ğŸ…,U+1F150,4
"\(a)",ğŸ„°,U+1F130,5
"\(a)",ğŸ…°,U+1F170,6
"\(b)",â’,U+249D,1
"\(b)",â’·,U+24B7,2
"\(b)",â“‘,U+24D1,3
"\(b)",ğŸ…‘,U+1F151,4
"\(b)",ğŸ„±,U+1F131,5
"\(b)",ğŸ…±,U+1F171,6
"\(c)",â’,U+249E,1
"\(c)",â’¸,U+24B8,2
"\(c)",â“’,U+24D2,3
"\(c)",ğŸ…’,U+1F152,4
"\(c)",ğŸ„²,U+1F132,5
"\(c)",ğŸ…²,U+1F172,6
"\(d)",â’Ÿ,U+249F,1
"\(d)",â’¹,U+24B9,2
"\(d)",â““,U+24D3,3
"\(d)",ğŸ…“,U+1F153,4
"\(d)",ğŸ„³,U+1F133,5
"\(d)",ğŸ…³,U+1F173,6
"\(e)",â’ ,U+24A0,1
"\(e)",â’º,U+24BA,2
"\(e)",â“”,U+24D4,3
"\(e)",ğŸ…”,U+1F154,4
"\(e)",ğŸ„´,U+1F134,5
"\(e)",ğŸ…´,U+1F174,6
"\(f)",â’¡,U+24A1,1
"\(f)",â’»,U+24BB,2
"\(f)",â“•,U+24D5,3
"\(f)",ğŸ…•,U+1F155,4
"\(f)",ğŸ„µ,U+1F135,5
"\(f)",ğŸ…µ,U+1F175,6
"\(g)",â’¢,U+24A2,1
"\(g)",â’¼,U+24BC,2
"\(g)",â“–,U+24D6,3
"\(g)",ğŸ…–,U+1F156,4
"\(g)",ğŸ„¶,U+1F136,5
"\(g)",ğŸ…¶,U+1F176,6
"\(h)",â’£,U+24A3,1
"\(h)",â’½,U+24BD,2
"\(h)",â“—,U+24D7,3
"\(h)",ğŸ…—,U+1F157,4
"\(h)",ğŸ„·,U+1F137,5
"\(h)",ğŸ…·,U+1F177,6
"\(i)",â’¤,U+24A4,1
"\(i)",â’¾,U+24BE,2
"\(i)",â“˜,U+24D8,3
"\(i)",ğŸ…˜,U+1F158,4
"\(i)",ğŸ„¸,U+1F138,5
"\(i)",ğŸ…¸,U+1F178,6
"\(j)",â’¥,U+24A5,1
"\(j)",â’¿,U+24BF,2
"\(j)",â“™,U+24D9,3
"\(j)",ğŸ…™,U+1F159,4
"\(j)",ğŸ„¹,U+1F139,5
"\(j)",ğŸ…¹,U+1F179,6
"\(k)",â’¦,U+24A6,1
"\(k)",â“€,U+24C0,2
"\(k)",â“š,U+24DA,3
"\(k)",ğŸ…š,U+1F15A,4
"\(k)",ğŸ„º,U+1F13A,5
"\(k)",ğŸ…º,U+1F17A,6
"\(l)",â’§,U+24A7,1
"\(l)",â“,U+24C1,2
"\(l)",â“›,U+24DB,3
"\(l)",ğŸ…›,U+1F15B,4
"\(l)",ğŸ„»,U+1F13B,5
"\(l)",ğŸ…»,U+1F17B,6
"\(m)",â’¨,U+24A8,1
"\(m)",â“‚,U+24C2,2
"\(m)",â“œ,U+24DC,3
"\(m)",ğŸ…œ,U+1F15C,4
"\(m)",ğŸ„¼,U+1F13C,5
"\(m)",ğŸ…¼,U+1F17C,6
"\(n)",â’©,U+24A9,1
"\(n)",â“ƒ,U+24C3,2
"\(n)",â“,U+24DD,3
"\(n)",ğŸ…,U+1F15D,4
"\(n)",ğŸ„½,U+1F13D,5
"\(n)",ğŸ…½,U+1F17D,6
"\(o)",â’ª,U+24AA,1
"\(o)",â“„,U+24C4,2
"\(o)",â“,U+24DE,3
"\(o)",ğŸ…,U+1F15E,4
"\(o)",ğŸ„¾,U+1F13E,5
"\(o)",ğŸ…¾,U+1F17E,6
"\(p)",â’«,U+24AB,1
"\(p)",â“…,U+24C5,2
"\(p)",â“Ÿ,U+24DF,3
"\(p)",ğŸ…Ÿ,U+1F15F,4
"\(p)",ğŸ„¿,U+1F13F,5
"\(p)",ğŸ…¿,U+1F17F,6
"\(q)",â’¬,U+24AC,1
"\(q)",â“†,U+24C6,2
"\(q)",â“ ,U+24E0,3
"\(q)",ğŸ… ,U+1F160,4
"\(q)",ğŸ…€,U+1F140,5
"\(q)",ğŸ†€,U+1F180,6
"\(r)",â’­,U+24AD,1
"\(r)",â“‡,U+24C7,2
"\(r)",â“¡,U+24E1,3
"\(r)",ğŸ…¡,U+1F161,4
"\(r)",ğŸ…,U+1F141,5
"\(r)",ğŸ†,U+1F181,6
"\(s)",â’®,U+24AE,1
"\(s)",â“ˆ,U+24C8,2
"\(s)",â“¢,U+24E2,3
"\(s)",ğŸ…¢,U+1F162,4
"\(s)",ğŸ…‚,U+1F142,5
"\(s)",ğŸ†‚,U+1F182,6
"\(t)",â’¯,U+24AF,1
"\(t)",â“‰,U+24C9,2
"\(t)",â“£,U+24E3,3
"\(t)",ğŸ…£,U+1F163,4
"\(t)",ğŸ…ƒ,U+1F143,5
"\(t)",ğŸ†ƒ,U+1F183,6
"\(u)",â’°,U+24B0,1
"\(u)",â“Š,U+24CA,2
"\(u)",â“¤,U+24E4,3
"\(u)",ğŸ…¤,U+1F164,4
"\(u)",ğŸ…„,U+1F144,5
"\(u)",ğŸ†„,U+1F184,6
"\(v)",â’±,U+24B1,1
"\(v)",â“‹,U+24CB,2
"\(v)",â“¥,U+24E5,3
"\(v)",ğŸ…¥,U+1F165,4
"\(v)",ğŸ……,U+1F145,5
"\(v)",ğŸ†…,U+1F185,6
"\(w)",â’²,U+24B2,1
"\(w)",â“Œ,U+24CC,2
"\(w)",â“¦,U+24E6,3
"\(w)",ğŸ…¦,U+1F166,4
"\(w)",ğŸ…†,U+1F146,5
"\(w)",ğŸ††,U+1F186,6
"\(x)",â’³,U+24B3,1
"\(x)",â“,U+24CD,2
"\(x)",â“§,U+24E7,3
"\(x)",ğŸ…§,U+1F167,4
"\(x)",ğŸ…‡,U+1F147,5
"\(x)",ğŸ†‡,U+1F187,6
"\(y)",â’´,U+24B4,1
"\(y)",â“,U+24CE,2
"\(y)",â“¨,U+24E8,3
"\(y)",ğŸ…¨,U+1F168,4
"\(y)",ğŸ…ˆ,U+1F148,5
"\(y)",ğŸ†ˆ,U+1F188,6
"\(z)",â’µ,U+24B5,1
"\(z)",â“,U+24CF,2
"\(z)",â“©,U+24E9,3
"\(z)",ğŸ…©,U+1F169,4
"\(z)",ğŸ…‰,U+1F149,5
"\(z)",ğŸ†‰,U+1F189,6
